,source,author,title,description,url,urlToImage,publishedAt,content
0,"{'id': None, 'name': 'Benzinga'}",Tyler Bundy,Palantir Stock Trades Higher: A Technical Analysis - Benzinga,"Palantir Technology Inc. (NYSE:PLTR) shares were trading higher Thursday.

...",https://www.benzinga.com/trading-ideas/long-ideas/21/03/20344890/palantir-stock-trades-higher-a-technical-analysis,https://cdn2.benzinga.com/files/imagecache/og_image_social_share_1200x630/images/story/2012/palantirfoundryscreenshot_1_6.png,2021-03-25T19:06:00Z,"Palantir Technology Inc. (NYSE:PLTR) shares were trading higher Thursday.
Cathie Wood’s Ark Investment Management (NYSE:ARKK) Innovation ETF bought 1,209,900 shares of Palantir, representing about 0… [+1543 chars]"
1,"{'id': 'business-insider', 'name': 'Business Insider'}",Emily Graffeo,Palantir jumps after securing 5-year contract with National Nuclear Security Administration (PLTR),"Summary List PlacementShares of Palantir gained 3.47% early Monday after securing a five-year contract with the National Nuclear Security Administration (NNSA).
The data surveillance company announced it was selected by the NNSA to provide its Office of Safet…",https://www.businessinsider.com/palantir-stock-price-national-nuclear-security-administration-contract-pltr-2021-4,https://i.insider.com/605213680347cb00184b63a3?width=1200&format=jpeg,2021-04-05T13:16:57Z,"Shares of Palantir gained 3.47% early Monday after securing a five-year contract with the National Nuclear Security Administration (NNSA).
The data surveillance company announced it was selected by … [+946 chars]"
2,"{'id': 'reuters', 'name': 'Reuters'}",Reuters Staff,Former Credit Suisse exec backed SPAC to take robotics firm Sarcos public - Reuters,"Sarcos Robotics Inc said on Tuesday it will go public through a merger with a blank-check firm backed by former Credit Suisse USA chief Brian Finn, in a deal valuing the combined company at $1.3 billion.",https://www.reuters.com/article/us-sarcos-m-a-rotor-acqsn-idUSKBN2BT19S,https://s1.reutersmedia.net/resources_v2/images/rcom-default.png?w=800,2021-04-06T10:53:00Z,"By Reuters Staff
(Reuters) - Sarcos Robotics Inc said on Tuesday it will go public through a merger with a blank-check firm backed by former Credit Suisse USA chief Brian Finn, in a deal valuing the… [+1347 chars]"
3,"{'id': None, 'name': 'Slashdot.org'}",BeauHD,Coinbase Sets Direct Listing For April 14,"Coinbase, the largest U.S. cryptocurrency exchange, said it's planning to make its trading debut on April 14. Bloomberg reports: The company's registration statement for the listing has been declared effective by the U.S. Securities and Exchange Commission, C…",https://slashdot.org/story/21/04/01/2124242/coinbase-sets-direct-listing-for-april-14,https://a.fsdn.com/sd/topics/bitcoin_64.png,2021-04-02T01:25:00Z,"The company's registration statement for the listing has been declared effective by the U.S. Securities and Exchange Commission, Coinbase said Thursday in a statement confirming a Bloomberg News repo… [+915 chars]"
4,"{'id': 'reuters', 'name': 'Reuters'}",Reuters Staff,Breakingviews - Capital Calls - Cellebrite good times - Reuters,"SOMETHING TO CELLEBRITE. Controversy over cops breaking into people’s cellphones is heading to a stock exchange near you. Israeli digital intelligence outfit Cellebrite is merging with a special-purpose acquisition company, TWC Tech Holdings II, at an equity …",https://www.reuters.com/article/us-global-finance-breakingviews-idUSKBN2BV2UN,https://static.reuters.com/resources/r/?m=02&d=20210408&t=2&i=1557761488&r=LYNXMPEH371E3&w=800,2021-04-08T19:41:00Z,"By Reuters Staff
A Cellebrite forensic device extracts data from a Samsung mobile phone during a demonstration at a training centre in Beijing, China June 19, 2018. REUTERS/Cate Cadell
NEW YORK (Re… [+1723 chars]"
5,"{'id': 'business-insider', 'name': 'Business Insider'}",Matthew Fox,"Dow, S&P 500 close at record highs as strong jobs report boosts economic optimism","Summary List Placement<ul>
<li>US stocks hit record highs on Monday as investors cheered Friday's strong jobs report.</li>
<li>The US added 916,000 jobs in March, beating the projected gains of 660,000.</li>
<li>The S&P 500 and Dow Jones Industrial Average bo…",https://www.businessinsider.com/stock-market-news-today-dow-sp500-close-record-highs-jobs-report-2021-4,https://i.insider.com/606b6503a7d803001963ece8?width=1200&format=jpeg,2021-04-05T20:07:22Z,"US stocks closed at record highs on Monday as investors cheered Friday's strong jobs report. The stock market was closed on Friday in observance of Good Friday.
The US added 916,000 jobs in March, b… [+1585 chars]"
6,"{'id': 'business-insider', 'name': 'Business Insider'}",Isabelle Lee,Sarcos Robotics eyes $1.3 billion valuation in merger with SPAC backed by ex Credit Suisse exec,"Summary List PlacementSarcos Robotics announced it will go public through a merger with a blank-check company Rotor Acquisition that will value the combined company at $1.3 billion, in a statement released Tuesday.
The special purpose acquisition company, or …",https://markets.businessinsider.com/news/stocks/sarcos-robotics-credit-suisse-13-billion-valuation-merger-spac-ipo-2021-4-1030277183,https://images2.markets.businessinsider.com/606c58e8856cd700198a351f?format=jpeg,2021-04-06T13:11:49Z,"Sarcos Robotics Named 2021 Product Innovation Award Winner by IEEE Robotics and Automation Society for the Guardian XO Exoskeleton (Photo: Business Wire)
(Photo: Business Wire)
Sarcos Robotics anno… [+1505 chars]"
7,"{'id': None, 'name': 'Gizmodo.com'}",Victoria Song,Microsoft Lands $22 Billion to Put Custom HoloLens Headsets on U.S. Soldiers,"In late 2018, Microsoft struck a $480 million deal with the U.S. Army to deliver augmented reality headset prototypes based on its HoloLens system. Well, it appears the military is a fan because it’s inked a contract to get a whole lot more of them. As in, ov…",https://gizmodo.com/microsoft-lands-22-billion-to-put-custom-hololens-head-1846597839,"https://i.kinja-img.com/gawker-media/image/upload/c_fill,f_auto,fl_progressive,g_center,h_675,pg_1,q_80,w_1200/dbqa7gir7cuzy7qffvff.png",2021-04-01T16:38:00Z,"In late 2018, Microsoft struck a $480 million deal with the U.S. Army to deliver augmented reality headset prototypes based on its HoloLens system. Well, it appears the military is a fan because its … [+4245 chars]"
8,"{'id': None, 'name': 'Yahoo Entertainment'}",Associated Press,Syria: Israeli strikes near capital Damascus wound 4 troops,"Israel carried out a missile attack near the Syrian capital of Damascus and its southern suburbs early Thursday that wounded four soldiers, Syria’s state...",https://news.yahoo.com/syria-israel-fired-missiles-suburbs-224222017.html,https://s.yimg.com/cv/apiv2/social/images/yahoo_default_logo-1200x1200.png,2021-04-07T22:42:22Z,Palantir Technologies has secured an $89.9 million contract from the National Nuclear Security Administration (NNSA) for five years. Shares of the software company closed 1.6% higher on Monday. Notab… [+2183 chars]
9,"{'id': 'reuters', 'name': 'Reuters'}","David French, Anirban Sen",Exclusive: Robinhood aims to allow users to buy into IPOs - sources - Reuters,"Robinhood Markets Inc is building a platform to ""democratize"" initial public offerings (IPOs), including its own, that would allow users of its trading app to snap up shares alongside Wall Street funds, according to people familiar with the matter.",https://www.reuters.com/article/us-robinhood-ipo-distribution-exclusive-idUSKBN2BH36G,https://static.reuters.com/resources/r/?m=02&d=20210325&t=2&i=1556240937&r=LYNXMPEH2O1RT&w=800,2021-03-25T20:11:00Z,"(Reuters) - Robinhood Markets Inc is building a platform to democratize initial public offerings (IPOs), including its own, that would allow users of its trading app to snap up shares alongside Wall … [+3748 chars]"
10,"{'id': 'business-insider', 'name': 'Business Insider'}",Yoonji Han,Billion-dollar legal tech giant Ironclad just made its first-ever acquisition. Here's what it means for the competition.,"Summary List PlacementLegal tech giant Ironclad has made its first-ever acquisition, snapping up PactSafe, an e-signature company, for an undisclosed amount.
The move, announced Thursday, comes at a time when the legal tech market is becoming increasingly con…",https://www.businessinsider.com/ironclad-acquires-pactsafe-legal-tech-contracts-acquisition-docusign-2021-3,https://i.insider.com/605b9a120d155e0019ef68f4?width=1200&format=jpeg,2021-03-25T15:42:42Z,"Legal tech giant Ironclad has made its first-ever acquisition, snapping up PactSafe, an e-signature company, for an undisclosed amount.
The move, announced Thursday, comes at a time when the legal t… [+3850 chars]"
11,"{'id': None, 'name': 'Theregister.com'}",Lindsay Clark,"Under threat of judicial review, UK.gov agrees to consultation before extending Palantir's NHS role beyond pandemic","A small victory, but campaigners say they will be keeping a close eye
The UK government has caved at the threat of a judicial review into its £23m contract with controversial US AI firm Palantir in setting up the NHS COVID-19 datastore.…",https://www.theregister.com/2021/03/30/ukgov_caves_over_nhs_palantir_lawsuit/,https://regmedia.co.uk/2019/12/12/shutterstock_nhs.jpg,2021-03-30T14:00:11Z,"The UK government has caved at the threat of a judicial review into its £23m contract with controversial US AI firm Palantir in setting up the NHS COVID-19 datastore.
In three key concessions the go… [+3724 chars]"
12,"{'id': None, 'name': 'VentureBeat'}",Michael Vizard,IBM’s Rob Thomas details key AI trends in shift to hybrid cloud,IBM senior vice president outlines AI strategy at a time when more organizations are finally employing it in production environments.,https://venturebeat.com/2021/03/19/ibms-rob-thomas-details-key-ai-trends-in-shift-to-hybrid-cloud/,https://venturebeat.com/wp-content/uploads/2021/03/IBM-e1616161696853.jpg?w=1200&strip=all,2021-03-19T14:32:50Z,"Join Transform 2021 for the most important themes in enterprise AI &amp; Data. Learn more.
The last year has seen a major spike in the adoption of AI models in production environments, in part drive… [+12143 chars]"
13,"{'id': 'bbc-news', 'name': 'BBC News'}",https://www.facebook.com/bbcnews,Palantir: NHS says future deals 'will be transparent',It follows a lawsuit accusing the NHS of “sneaking through” a £23m contract with Palantir.,https://www.bbc.co.uk/news/technology-56590249,https://ichef.bbci.co.uk/news/1024/branded_news/5683/production/_117774122_gettyimages-1230918544.jpg,2021-03-31T14:06:06Z,"image copyrightGetty Images
The NHS has promised transparency in any future deals with US data firm Palantir after the coronavirus pandemic.
It follows a lawsuit by Open Democracy which accused the… [+4633 chars]"
14,"{'id': 'reuters', 'name': 'Reuters'}","Tina Bellon, Rebecca Spalding","U.S. COVID-19 vaccine rollout analysis hampered by technology, state data reporting - Reuters","When a dose of a COVID-19 vaccine leaves a U.S. manufacturing plant, its path can be traced all the way to the hospital or clinic representative signing for the shipment at its destination. What happens next is not always clear.",https://www.reuters.com/article/us-health-coronavirus-vaccines-data-idUSKBN2BO5UR,https://static.reuters.com/resources/r/?m=02&d=20210401&t=2&i=1557041349&r=LYNXMPEH3031X&w=800,2021-04-01T14:48:00Z,"(Reuters) - When a dose of a COVID-19 vaccine leaves a U.S. manufacturing plant, its path can be traced all the way to the hospital or clinic representative signing for the shipment at its destinatio… [+4411 chars]"
15,"{'id': None, 'name': 'Motley Fool'}",newsfeedback@fool.com (Trevor Jennewine),My Top Recent Tech IPO to Buy in April,The future looks bright for Palantir.,https://www.fool.com/investing/2021/04/04/my-top-recent-tech-ipo-to-buy-in-april/,https://g.foolcdn.com/editorial/images/620274/big-data-analytics.jpg,2021-04-04T12:12:00Z,"Palantir(NYSE:PLTR) has been described as ""Silicon Valley's most secretive start-up."" In its early days, the company developed software to help U.S. intelligence agents with counterterrorism investig… [+4788 chars]"
16,"{'id': None, 'name': 'MarketWatch'}",Mike Murphy,"Key Words: China may be using bitcoin as ‘financial weapon’ against U.S., says Peter Thiel",Billionaire venture capitalist Peter Thiel is worried that China is using bitcoin to undermine the U.S.,https://www.marketwatch.com/story/china-may-be-using-bitcoin-as-financial-weapon-against-u-s-says-peter-thiel-11617837743,https://images.mktw.net/im-322102/social,2021-04-07T23:22:00Z,"Billionaire venture capitalist Peter Thiel is worried that China is using bitcoin to undermine the U.S.In comments Tuesday during a virtual event for the Richard Nixon Foundation, and first reported … [+1348 chars]"
17,"{'id': 'business-insider', 'name': 'Business Insider'}",Martin Coulter,Students at elite universities — backed by fired AI ethicist Timnit Gebru — are trying to choke Google's recruitment pipeline,"Summary List PlacementA grassroots student movement is working to choke Google's recruitment pipeline, with graduates pledging not to work for the company until it addresses what they describe as a ""complete disregard for workers."" 
No Tech For Tyrants is a U…",https://www.businessinsider.com/google-recruitment-pipeline-timnit-gebru-2021-3,https://i.insider.com/60538768f75f09001814ea83?width=1200&format=jpeg,2021-03-21T10:01:00Z,"A grassroots student movement is working to choke Google's recruitment pipeline, with graduates pledging not to work for the company until it addresses what they describe as a ""complete disregard for… [+4214 chars]"
18,"{'id': None, 'name': 'Motley Fool'}",newsfeedback@fool.com (Neil Rozenbaum),Here's Why Palantir Is a Must-Have Stock for Long Term Investors,Why your portfolio needs this futuristic growth stock.,https://www.fool.com/investing/2021/03/17/heres-why-palantir-is-a-must-have-stock-for-long-t/,https://g.foolcdn.com/editorial/images/618422/pltr-stock.png,2021-03-18T00:46:00Z,"In this video, I will be talking about Palantir (NYSE:PLTR) again and explain why it should be in everyone's long-term portfolio. Palantir is in the business of ""predicting future outcomes"" whether i… [+896 chars]"
19,"{'id': 'the-next-web', 'name': 'The Next Web'}",Harith Khawaja,Beware of biased vaccine distribution algorithms,"As the sheer logistical challenge of distributing vaccines to over 300 million Americans looms large, institutions are furiously developing algorithms to assist the rollout. The promise: that technology will enable us to allocate a limited number of doses eff…",https://thenextweb.com/neural/2021/03/18/beware-of-biased-vaccine-distribution-algorithms/,https://img-cdn.tnwcdn.com/image/neural?filter_last=1&fit=1280%2C640&url=https%3A%2F%2Fcdn0.tnwcdn.com%2Fwp-content%2Fblogs.dir%2F1%2Ffiles%2F2021%2F02%2FUntitled-design-2021-02-09T192235.448.png&signature=50a8988ccb139ffc1da8785499bb4513,2021-03-18T21:18:27Z,"As the sheer logistical challenge of distributing vaccines to over 300 million Americans looms large, institutions are furiously developing algorithms to assist the rollout. The promise: that technol… [+5494 chars]"
20,"{'id': None, 'name': 'AppleInsider'}",news@appleinsider.com (Mikey Campbell),Peter Thiel calls Apple's relationship with China a 'real problem',"Tech investor Peter Thiel on Tuesday criticized Apple and Google for cozying up to China, saying Apple's supply chain is a cause for concern.Speaking at an event hosted by the Richard Nixon Foundation, Thiel suggested Apple was unlikely to confront China on k…",https://appleinsider.com/articles/21/04/07/peter-thiel-calls-apples-relationship-with-china-a-real-problem,https://photos5.appleinsider.com/gallery/41257-80020-210407-Thiel-xl.jpg,2021-04-07T23:19:05Z,"Tech investor Peter Thiel on Tuesday criticized Apple and Google for cozying up to China, saying Apple's supply chain is a cause for concern. 
Speaking at an event hosted by the Richard Nixon Founda… [+2292 chars]"
21,"{'id': 'vice-news', 'name': 'Vice News'}","Edward Ongweso Jr, Jordan Pearson",Palantir CEO: Lawyers Tell Me 'My Job Is to Evade' Journalists,Palantir CEO Alex Karp demonstrated that tech companies see keeping the public uninformed as a top priority in a revealing clip.,https://www.vice.com/en/article/4adje3/palantir-ceo-lawyers-tell-me-my-job-is-to-evade-journalists,https://video-images.vice.com/articles/605decac6f2c220093048069/lede/1616768175442-gettyimages-961975116.jpeg?image-resize-opts=Y3JvcD0xeHc6MC44NDIzeGg7MHh3LDAuMDUwNnhoJnJlc2l6ZT0xMjAwOiomcmVzaXplPTEyMDA6Kg,2021-03-26T14:18:01Z,"During an event hosted by the Executives' Club of Chicago last week, Palantir chief executive Alex Karp revealed an important, if not particularly surprising, insight into the world of the capitalist… [+3030 chars]"
22,"{'id': None, 'name': 'Seeking Alpha'}",Vincent Ventures,Palantir Rising: War In The Garden Of Google,Palantir threatens the current paradigm with software for a decentralized alternative. Europe's GAIA-X offers significant upside potential as Palantir seeks a new European hub in Switzerland,https://seekingalpha.com/article/4414059-palantir-rising-war-in-garden-of-google,https://static.seekingalpha.com/uploads/2021/2/4/11847651-16124599806850822_origin.png,2021-03-16T14:00:00Z,"Introduction: Data Determinism 
 The dominance of Wintel (see our previous article) standardized the computer industry and set the stage for powerful internet platforms such as Google, Amazon, and F… [+51400 chars]"
23,"{'id': None, 'name': 'Motley Fool'}",newsfeedback@fool.com (Jose Najarro),3 Strong Growth Stocks Down Over 40%,These 3 growth stocks have dropped over 40% from their recent all-time highs. Here I share some reasons why you should add them to your watchlist.,https://www.fool.com/investing/2021/03/29/3-strong-growth-stocks-down-over-40/,https://g.foolcdn.com/editorial/images/619714/copy-of-copy-of-copy-of-copy-of-copy-of-copy-of-buy-or-pass-template-2021-03-28t124217156.png,2021-03-29T18:00:00Z,"In today's video, I look at three growth stocks that have lost more than 40% of their valuations. Below is each stock and three reasons to add them to your watchlist as potential buys.
Three reasons… [+1520 chars]"
24,"{'id': None, 'name': 'Motley Fool'}",newsfeedback@fool.com (Rick Munarriz),3 Once-Hot IPOs That Have Fallen by 40%,A lot of promising debutantes have hit the market over the past year. Let's go over some of the better ones that are now on sale.,https://www.fool.com/investing/2021/03/24/3-once-hot-ipos-that-have-fallen-by-40/,https://g.foolcdn.com/editorial/images/619169/gettyipohand.jpg,2021-03-24T15:40:00Z,"There have been a lot of compelling new stocks hitting the market over the past year. They may have hit the ground running, but IPOs have been among the hardest hit names during the recent correction… [+3329 chars]"
25,"{'id': None, 'name': 'Seeking Alpha'}",Business Quant,Palantir: Ready For Takeoff,Long-term investors may want to consider accumulating Palantir's shares on price corrections.,https://seekingalpha.com/article/4416306-palantir-ready-for-takeoff?source=feed_all_articles,https://static.seekingalpha.com/cdn/s3/uploads/getty_images/1155138189/medium_image_1155138189.jpg,2021-03-26T17:18:06Z,"Photo by Drew Angerer/Getty Images News via Getty Images
It seems like Palantir (PLTR) is once again surrounded by market uncertainty. The company's insiders have sold over 24 million shares in the … [+5813 chars]"
26,"{'id': None, 'name': 'Motley Fool'}",newsfeedback@fool.com (Sean Williams),3 Ultra-Popular Robinhood Stocks That Are Screaming Buys,Retail investors are onto something with these top-tier companies.,https://www.fool.com/investing/2021/03/30/3-ultra-popular-robinhood-stocks-screaming-buys/,https://g.foolcdn.com/editorial/images/619594/curious-man-reading-financial-newspaper-getty.jpg,2021-03-30T09:51:00Z,"Over the past year, retail investors have thrived off volatility. We know this because online investing app Robinhood, which offers commission-free trades and gifts free stock to new members, gained … [+5989 chars]"
27,"{'id': None, 'name': 'Seeking Alpha'}",Business Quant,Palantir: Rally On,"Palantir's short interest declined by almost 27% in the last cycle. The stock seems to be forming a bottom, before it starts rallying again.",https://seekingalpha.com/article/4414020-palantir-rally-on,https://static.seekingalpha.com/uploads/2021/3/15/saupload_london-office_thumb1.jpg,2021-03-16T13:00:12Z,Palantir's (PLTR) shares are down 40% in value over the past two months and investment forums are rife with debates on the longevity of this price correction. Some bears are forecasting its shares to… [+6658 chars]
28,"{'id': None, 'name': 'Forbes'}","Trefis Team, Contributor, 
 Trefis Team, Contributor
 https://www.forbes.com/sites/greatspeculations/people/trefis/",Is Palantir Stock A Buy After 40% Correction?,"Palantir stock has declined by about 40% from its February highs, currently trading at around $22 per share. The decline is driven in part by the broader sell-off in high growth stocks, mixed December quarter earnings, and the expiration of the company post-I…",https://www.forbes.com/sites/greatspeculations/2021/03/29/is-palantir-stock-a-buy-after-40-correction/,https://thumbor.forbes.com/thumbor/fit-in/1200x0/filters%3Aformat%28jpg%29/https%3A%2F%2Fspecials-images.forbesimg.com%2Fimageserve%2F6061370c87bd22f136d5a939%2F0x0.jpg,2021-03-29T12:30:00Z,UKRAINE - 2021/03/02: In this photo illustration the Palantir Technologies logo of a US software ... [+] company is seen on a smartphone and a pc screen. (Photo Illustration by Pavlo Gonchar/SOPA Ima… [+14369 chars]
29,"{'id': None, 'name': 'The Intercept'}",Sam Biddle,LexisNexis to Provide Giant Database of Personal Information to ICE,"The company signed a contract with an ICE division that plays a key role in deportations. 
The post LexisNexis to Provide Giant Database of Personal Information to ICE appeared first on The Intercept.",https://theintercept.com/2021/04/02/ice-database-surveillance-lexisnexis/,https://theintercept.imgix.net/wp-uploads/sites/1/2021/04/ICE-Nexis.jpg?auto=compress%2Cformat&q=90&fit=crop&w=1200&h=800,2021-04-02T14:00:22Z,"The popular legal research
 and data brokerage firm LexisNexis signed a $16.8 million contract to sell information to U.S. Immigration and Customs Enforcement, according to documents shared with The… [+10644 chars]"
30,"{'id': None, 'name': 'Motley Fool'}",newsfeedback@fool.com (Nicholas Rossolillo),"Why These 3 Growing Companies Are Better Buys After the Tech Stock ""Crash""","After a healthy downturn, these tech stocks look poised to continue running higher in the years ahead.",https://www.fool.com/investing/2021/03/12/growing-companies-better-buys-after-market-crash/,https://g.foolcdn.com/editorial/images/617484/health-monitoring-getty.jpg,2021-03-12T13:52:00Z,"It's been a turbulent month if you own any technology stocks. On March 8, the Nasdaq index closed 10% below all-time highs, registering a run-of-the-mill ""sell-off."" However, for some high-growth nam… [+6035 chars]"
31,"{'id': None, 'name': 'Motley Fool'}",newsfeedback@fool.com (Leo Sun),Robinhood Investors Love These 3 Cathie Wood Stocks,Millennial investors and Wall Street's top growth investor have overlapping interests in Tesla and two other stocks.,https://www.fool.com/investing/2021/04/01/robinhood-investors-love-these-3-cathie-wood-stock/,https://g.foolcdn.com/editorial/images/619804/gettyimages-1132649233.jpg,2021-04-01T11:22:00Z,"Robinhood, the online trading platform that disrupted traditional brokerages by offering free stock trades, serves over 13 million investors. Millennials account for the majority of its users, and th… [+5144 chars]"
32,"{'id': None, 'name': 'Motley Fool'}",newsfeedback@fool.com (Trevor Jennewine),3 Top Artificial Intelligence Stocks to Buy Right Now,These three tech companies are using AI to gain an edge over their rivals.,https://www.fool.com/investing/2021/04/09/3-top-artificial-intelligence-stocks-to-buy-right/,https://g.foolcdn.com/editorial/images/620885/artificial-intelligence.jpg,2021-04-09T12:30:00Z,"Every so often, a new technology comes along that fundamentally changes the world. Consider the discovery of electricity, the invention of the automobile, and the creation of the internet -- all thre… [+5003 chars]"
33,"{'id': None, 'name': 'Seeking Alpha'}",Business Quant,Palantir: Opportunities Outweigh The Risks,"Palantir has been a subject of several bearish narratives ever since it reported its Q4 earnings report. However, I believe the opportunities outweigh the risks.",https://seekingalpha.com/article/4412897-palantir-opportunities-outweigh-risks,https://static.seekingalpha.com/uploads/2021/3/9/4893391-161531510509345.png,2021-03-11T14:00:10Z,"Palantir (NYSE:PLTR) has been surrounded by bearish narratives ever since it posted its lackluster Q4 results last month. Bears feel its decelerating growth momentum, its arguably excessive stock com… [+8908 chars]"
34,"{'id': None, 'name': 'Motley Fool'}",newsfeedback@fool.com (Sean Williams),The Spring Sale Is Here: 4 Game-Changing Stocks Discounted by 40% (or More),Bargains abound for patient long-term investors.,https://www.fool.com/investing/2021/04/10/spring-sale-4-game-changing-stocks-discounted-40/,https://g.foolcdn.com/editorial/images/620748/sale-sign-led-discount-stock-invest-retire-getty.jpg,2021-04-10T09:51:00Z,"For more than a year, investors have been privy to one of the strongest bounce-back rallies from a bear-market bottom in history. All three indexes have rocketed to new all-time highs, with the tech-… [+6839 chars]"
35,"{'id': None, 'name': 'Yahoo Entertainment'}",Laurin-Whitney Gottbrath,"Pentagon orders ""immediate actions"" to weed out extremism in armed forces","Secretary of Defense Lloyd Austin on Friday signed a memo ordering several ""immediate actions"" to weed out extremism in the ranks.Driving the news: The memo ...",https://news.yahoo.com/pentagon-orders-immediate-actions-weed-001008762.html,https://s.yimg.com/uu/api/res/1.2/aNnbrOLQeMQGb4LEY_cliA--~B/aD03MjA7dz0xMjgwO2FwcGlkPXl0YWNoeW9u/https://media.zenfs.com/en/axios_articles_623/893e00c5cc976beb9900ed482a368845,2021-04-10T00:10:08Z,"As antitrust regulators and members of Congress trained their sights on tech companies last year, Mark Zuckerberg reached for the ultimate rhetorical shield in Washington today: China. Before a congr… [+6565 chars]"
36,"{'id': None, 'name': 'Motley Fool'}",newsfeedback@fool.com (Leo Sun),Robinhood Investors Are Quietly Buying More of These Stocks,"Younger retail investors love an aging automaker, a 5G giant, and a controversial data mining firm.",https://www.fool.com/investing/2021/03/22/robinhood-investors-quietly-buying-more-stocks/,https://g.foolcdn.com/editorial/images/618780/fna_cx727_premium_rapid_red.png,2021-03-22T15:42:13Z,"Robinhood, the app-based trading platform that disrupted older online brokerages with free trades, serves over 13 million investors. Many of its users are millennials, and a quarter of them are first… [+4875 chars]"
37,"{'id': None, 'name': 'Motley Fool'}",newsfeedback@fool.com (Rick Munarriz),Why Wait for a Crash to Buy? These 3 Top Stocks Are Already Down More Than 40%,Three of last year's hottest stocks are trading 44% to 49% off their recent highs. Let's go shopping.,https://www.fool.com/investing/2021/03/18/why-wait-for-a-crash-to-buy-these-3-top-stocks-are/,https://g.foolcdn.com/editorial/images/618500/gettyimages-534824667.jpg,2021-03-18T13:35:00Z,Investors love to be opportunistic. You can be sure the next time the market has a significant correction -- or even an inevitable crash -- that battle-tested investors won't flinch at taking advanta… [+3744 chars]
38,"{'id': None, 'name': 'Motley Fool'}",newsfeedback@fool.com (Neil Rozenbaum),5 Stocks To Buy in the March Market Crash,These five stocks are great investments at a bargain.,https://www.fool.com/investing/2021/03/10/5-stocks-to-buy-in-the-march-market-crash/,https://g.foolcdn.com/editorial/images/617336/stocks-march.png,2021-03-10T12:43:00Z,"In this video, I will talk about the five stocks worth picking up in this March. Most of them have taken a huge hit in the recent market correction. Growth stocks and especially tech stocks have take… [+326 chars]"
39,"{'id': None, 'name': 'Seeking Alpha'}",Kayode Omotosho,Cognyte Software: The Value Investor's Palantir,Cognyte is a cyber intelligence platform that was recently carved out of Verint. I have a price target of $37 per share. This implies a modest revenue multiple of 6x FY'21 sales.,https://seekingalpha.com/article/4416484-cognyte-software-stock-value-investors-palantir?source=feed_all_articles,https://static.seekingalpha.com/cdn/s3/uploads/getty_images/1150964756/medium_image_1150964756.jpg,2021-03-28T17:27:32Z,"Photo by Andrew Brookes/Cultura via Getty Images
Cognyte Software (NASDAQ:CGNT) was recently created from the cyber intelligence segment of Verint (NASDAQ:VRNT). This segment has witnessed a shift t… [+13808 chars]"
40,"{'id': None, 'name': 'Seeking Alpha'}",Wealth Insights,Palantir Technologies: Understanding Its Immense Potential,Palantir gives organizations the tools to integrate and analyze vast scopes of data. Its unique business makes it a potentially lucrative long-term opportunity for patient investors.,https://seekingalpha.com/article/4417134-palantir-technologies-understanding-its-immense-potential?source=feed_all_articles,https://static.seekingalpha.com/cdn/s3/uploads/getty_images/1273484747/medium_image_1273484747.jpg,2021-04-01T05:16:04Z,"Photo by Anna Bliokh/E+ via Getty Images
The world is rapidly changing. As connectivity increases, we produce exponentially larger amounts of data. We have begun to see both businesses and governmen… [+17151 chars]"
41,"{'id': None, 'name': 'Yahoo Entertainment'}",Shanthi Rexaline,Palantir Strikes Long-Term Partnership With French Automotive Supplier Faurecia: What You Need To Know,Palantir Technologies Inc. (NASDAQ: PLTR) shares were advancing Thursday after the data analytics software company announced a strategic partnership. What...,https://finance.yahoo.com/news/palantir-strikes-long-term-partnership-141032161.html,https://s.yimg.com/uu/api/res/1.2/_NHYYjPEJy0HkabmrL6GgQ--~B/aD00MDA7dz02MDA7YXBwaWQ9eXRhY2h5b24-/https://media.zenfs.com/en/Benzinga/baba5abf53868f90843bcad88848abdc,2021-03-11T14:10:32Z,"Lets talk volatility. The NASDAQ kicked off this week with a dip into correction territory, a fall to just over 10% below its February peak. And now? After three trading sessions, the index has bounc… [+8084 chars]"
42,"{'id': None, 'name': 'Motley Fool'}",newsfeedback@fool.com (James Brumley),3 Meme Stocks That Could Actually Make You Rich in 2021 and Beyond,"Don't let the fact that small, amateur traders are buzzing about them distract you from their legitimate growth potential.",https://www.fool.com/investing/2021/03/19/3-meme-stocks-could-actually-make-you-rich-2021/,https://g.foolcdn.com/editorial/images/618474/cash-pile.jpg,2021-03-19T11:15:00Z,"Most investors are aware by now that heavily shorted shares of movie theater chain AMC Entertainment Holdings recently went through what's called a short squeeze, denting the performance of hedge fun… [+5340 chars]"
43,"{'id': None, 'name': 'Seeking Alpha'}",Gary Alexander,Palantir Has Dropped Low Enough For Me To Buy Back In,"Palantir's stock has corrected sharply, despite strong fundamentals, massive new deal with U.S. Army, and continued commercial expansion. See, if you should buy PLTR stock.",https://seekingalpha.com/article/4416447-palantir-stock-dropped-low-enough-to-buy?source=feed_all_articles,https://static.seekingalpha.com/uploads/2021/3/27/saupload_5afdcef18e754dde618303ada75928f1.png,2021-03-28T14:15:00Z,"I've had a bit of a short roller-coaster with shares of Palantir (PLTR), among the most highly anticipated and hyped IPOs of 2020. The data analytics and machine intelligence company, widely credited… [+7798 chars]"
44,"{'id': None, 'name': 'Yahoo Entertainment'}",TipRanks,"Palantir Won Government Contract, But This Analyst Isn’t Happy","Palantir (PLTR) is a polarizing name on Wall Street, eliciting a wide array of views from the analyst community. Its latest contract win has done little to...",https://finance.yahoo.com/news/palantir-won-government-contract-analyst-154748922.html,https://s.yimg.com/uu/api/res/1.2/I.KVeMRfFLEEsWyIGoR7Zw--~B/aD00NTQ7dz0xMDI0O2FwcGlkPXl0YWNoeW9u/https://media.zenfs.com/en/tipranks_452/b0f09c4aceeb4924623d1ae801be3496,2021-04-07T15:47:48Z,"Palantir (PLTR) is a polarizing name on Wall Street, eliciting a wide array of views from the analyst community. Its latest contract win has done little to convince William Blair's Kamil Mielczarek, … [+3006 chars]"
45,"{'id': None, 'name': 'TheStreet'}",Danny Peterson,Buy-the-Dip Candidates: Buy Penn National Gaming,"These stocks that fell this past week could be 'buy the dip' opportunities. Recent losers include GameStop, Plug Power, Palantir, Caesars and more.",https://www.thestreet.com/investing/buy-the-dip-candidates-buy-penn-national-gaming-eli-lilly-caesars-skillz,https://www.thestreet.com/.image/t_share/MTc5Nzc5ODMxOTk3NjcwNjgw/penn-national-gaming.jpg,2021-03-22T09:10:00Z,TheStreet recapped the best stories from this past week with Jim Cramer including stocks he would buy now. TheStreet also started its investing story series on SPACs with a story on how to invest in … [+4255 chars]
46,"{'id': None, 'name': 'Yahoo Entertainment'}",Benzinga Insights,Looking Into Palantir Technologies's Return On Capital Employed,"During Q4, Palantir Technologies (NYSE:PLTR) brought in sales totaling $322.09 million. However, earnings decreased 81.53%, resulting in a loss of $156.57...",https://finance.yahoo.com/news/looking-palantir-technologiess-return-capital-134634039.html,https://s.yimg.com/cv/apiv2/social/images/yahoo_default_logo-1200x1200.png,2021-03-22T13:46:34Z,"As the stock market remains volatile, TipRanks brings you the latest analyst action on some of your favorite stocks. Lets look into the notable bullish and bearish calls of the day and see what the t… [+5758 chars]"
47,"{'id': None, 'name': 'Seeking Alpha'}",Steven Fiorillo,"Palantir: Ark Is Buying, I Am Buying, New Contracts Have Wet Ink And 2 New Sectors Could Be On The Horizon",Palantir continues to expand its partnership with the U.S. government and sign new commercial customers. See why I continue buying PLTR stock.,https://seekingalpha.com/article/4418273-palantir-new-contracts-two-new-sectors?source=feed_all_articles,https://static.seekingalpha.com/cdn/s3/uploads/getty_images/1165930363/medium_image_1165930363.jpg,2021-04-09T13:00:00Z,"Photo by Sundry Photography/iStock Editorial via Getty Images
Since my last article on Palantir (NYSE:PLTR) shares have decreased by -5.61% vs. the S&amp;P's total return of 6.24%. There have been s… [+11145 chars]"
48,"{'id': None, 'name': 'TheStreet'}",Bret Kenwell,Should You Buy or Sell Palantir After Its Latest Deal?,"Palantir stock jumps and then fades on Monday after announcing a new five-year, $89.9 million deal. Let's look at the stock's chart.",https://www.thestreet.com/investing/palantir-pltr-stock-trading-deal-040521,https://www.thestreet.com/.image/t_share/MTY4NjUwOTAxOTg5MDQyMDcx/palantir.png,2021-04-05T14:30:00Z,"Shares of Palantir  (PLTR) - Get Report were up on about 1.4% on the day, but have come well off the highs from earlier in the session. 
Bulls bid the name higher after the company secured a five-ye… [+2114 chars]"
49,"{'id': None, 'name': 'Motley Fool'}",newsfeedback@fool.com (Sean Williams),These 4 Growth Stocks Are Screaming Buys If the Nasdaq Crashes,Back the truck up for these game-changing companies if the tech-heavy Nasdaq plunges.,https://www.fool.com/investing/2021/03/22/4-growth-stocks-screaming-buys-if-nasdaq-crashes/,https://g.foolcdn.com/editorial/images/618766/stock-market-crash-calling-bottom-getty.jpg,2021-03-22T09:51:00Z,"Don't look now, but we might be on the verge of a full-fledged crash in the technology-reliant Nasdaq Composite(NASDAQINDEX:^IXIC).
At the end of 2020, the Nasdaq 100 -- an index of the 100 largest … [+6646 chars]"
50,"{'id': None, 'name': 'MarketWatch'}",Jack Denton,"Need to Know: Why the S&P 500 is now overbought and looks ready to drop in the short term, according to this strategist","The S&P 500 eked out yet another record close on Wednesday, as the Federal Reserve reassured investors that it is in no rush to tighten fiscal policy — and some of that momentum is set to continue into Thursday. But it may not last for long.",https://www.marketwatch.com/story/why-the-s-p-500-is-now-overbought-and-looks-ready-to-drop-in-the-short-term-according-to-this-strategist-11617880511,https://images.mktw.net/im-322146/social,2021-04-08T11:15:00Z,"The S&amp;P 500 eked out yet another record close on Wednesday, as the Federal Reserve reassured investors that it is in no rush to tighten fiscal policy and some of that momentum is set to continue … [+4901 chars]"
51,"{'id': None, 'name': 'Motley Fool'}",newsfeedback@fool.com (Motley Fool Transcribing),SuRo Capital Corp. (SSSS) Q4 2020 Earnings Call Transcript,"SSSS earnings call for the period ending December 31, 2020.",https://www.fool.com/earnings/call-transcripts/2021/03/11/suro-capital-corp-ssss-q4-2020-earnings-call-trans/,https://g.foolcdn.com/editorial/images/1/featured-transcript-logo-template.jpg,2021-03-11T08:00:36Z,"Image source: The Motley Fool.
SuRo Capital Corp. (NASDAQ:SSSS)Q4 2020 Earnings CallMar 10, 2021, 5:00 p.m. ET
Contents:
<ul><li>Prepared Remarks</li><li>Questions and Answers</li><li>Call Partici… [+38458 chars]"
52,"{'id': None, 'name': 'Motley Fool'}",newsfeedback@fool.com (Leo Sun),This Is the Tech Investing Trend I'm Most Excited About Right Now,Every long-term investor should own a few AI stocks.,https://www.fool.com/investing/2021/03/25/this-is-the-tech-investing-trend-im-most-excited-a/,https://g.foolcdn.com/editorial/images/619166/gettyimages-1267193955.jpg,2021-03-25T15:00:00Z,"The tech sector is filled with many promising secular growth stories, including driverless cars, automated factories, wearables, chatbots, and cloud services. However, one common theme links most of … [+4531 chars]"
53,"{'id': None, 'name': 'Yahoo Entertainment'}",BBC,Palantir: NHS says future deals 'will be transparent',It follows a lawsuit accusing the NHS of “sneaking through” a £23m contract with Palantir.,https://news.yahoo.com/palantir-nhs-says-future-deals-140606051.html,https://s.yimg.com/uu/api/res/1.2/foIfF42mXoajCppyTvg8ew--~B/aD01NDk7dz05NzY7YXBwaWQ9eXRhY2h5b24-/https://media.zenfs.com/en/bbc_us_articles_995/6682b555ef48e97c9076b142302c3961,2021-03-31T14:06:06Z,"Palantir Technologies Inc logo displayed on a smartphone screen
The NHS has promised transparency in any future deals with US data firm Palantir after the coronavirus pandemic.
It follows a lawsuit… [+4790 chars]"
54,"{'id': None, 'name': 'Yahoo Entertainment'}",Henry Khederian,"Thinking About Buying Stock In Kodak, Palantir, GE Or Plug Power?","One of the most common questions traders have about stocks is “Why Is It Moving?”. That’s why Benzinga created the Why Is It Moving, or WIIM, feature in...",https://finance.yahoo.com/news/thinking-buying-stock-kodak-palantir-114052466.html,https://s.yimg.com/uu/api/res/1.2/hMSqSm6mCB2d6n3n2qpXrQ--~B/aD00MDA7dz02MDA7YXBwaWQ9eXRhY2h5b24-/https://media.zenfs.com/en/Benzinga/e44b6af8d6be437dfca430fe9a854069,2021-03-17T11:40:52Z,"One of the most common questions traders have about stocks is Why Is It Moving?.
Thats why Benzinga created the Why Is It Moving, or WIIM, feature in Benzinga Pro. WIIMs are a one-sentence descripti… [+1777 chars]"
55,"{'id': None, 'name': 'Forbes'}","Trefis Team, Contributor, 
 Trefis Team, Contributor
 https://www.forbes.com/sites/greatspeculations/people/trefis/","Snowflake Stock Down 45% From Highs, Time To Buy?","Snowflake stock has been trending lower over the last month due to the broader sell-off in high-growth tech names, on account of fears of inflation and higher bond yields. The stock, which trades at about $220 per share currently, is down by about 20% over th…",https://www.forbes.com/sites/greatspeculations/2021/03/25/snowflake-stock-down-45-from-highs-time-to-buy/,https://thumbor.forbes.com/thumbor/fit-in/1200x0/filters%3Aformat%28jpg%29/https%3A%2F%2Fspecials-images.forbesimg.com%2Fimageserve%2F605c4ec653d4ad7ead09bb0b%2F0x0.jpg,2021-03-25T13:30:00Z,UKRAINE - 2021/03/12: In this photo illustration the Snowflake Inc. logo of a US cloud-based ... [+] data-warehousing company is seen on a smartphone and a pc screen. (Photo Illustration by Pavlo Gon… [+22994 chars]
56,"{'id': None, 'name': 'Yahoo Entertainment'}",support@smarteranalyst.com (Ben Mahaney),Palantir Technologies Wins $89.9M Contract; Shares Gain,Palantir Technologies has secured an $89.9 million contract from the National Nuclear Security Administration (NNSA) for five years. Shares of the software...,https://finance.yahoo.com/news/palantir-technologies-wins-89-9m-142749401.html,https://s.yimg.com/uu/api/res/1.2/Jse4w2f42hGGAjzzUGggAQ--~B/aD02MjE7dz05MTg7YXBwaWQ9eXRhY2h5b24-/https://media.zenfs.com/en/smarteranalyst_347/749b73cdd601c5c109ee4c2a2b5d2eb5,2021-04-06T14:27:49Z,"Caroline BrehmanWhen it first came out last week that Rep. Matt Gaetz was under investigation for his sexual involvement with a 17-year-old, the Florida Republican said his travel records would exone… [+10128 chars]"
57,"{'id': None, 'name': 'Yahoo Entertainment'}",Rachit Vats,"Alibaba, Amazon, Palantir, Google, Takeda, Unity — What Cathie Wood's Ark Bought And Sold On Thursday",Cathie Wood’s Ark Investment Management sends out an email every night listing the stocks that were bought or sold by the firm's ETFs that day. In recent...,https://finance.yahoo.com/news/alibaba-amazon-palantir-google-takeda-045935495.html,https://s.yimg.com/uu/api/res/1.2/BmcnFs8cz_aVIzgDKn.BAA--~B/aD00MDA7dz02MDA7YXBwaWQ9eXRhY2h5b24-/https://media.zenfs.com/en/Benzinga/d49267a1cdad9e9feff5ac32a09ad7f7,2021-03-26T04:59:35Z,"Cathie Woods Ark Investment Management sends out an email every night listing the stocks that were bought or sold by the firm's ETFs that day. In recent months, the emails have known to cause certain… [+10538 chars]"
58,"{'id': None, 'name': 'Yahoo Entertainment'}",SuRo Capital Corp.,SuRo Capital Corp. Reports Fourth Quarter and Fiscal Year 2020 Financial Results,"Net Asset Value of $15.14 per Share as of December 31, 2020 Board of Directors Declares $0.25 Per Share Dividend Exited Palantir Technologies, Inc. Position ...",https://finance.yahoo.com/news/suro-capital-corp-reports-fourth-210000512.html,https://s.yimg.com/uu/api/res/1.2/JbfFYbfdIzLRv4t7n4w87g--~B/aD00MDk7dz05MjA7YXBwaWQ9eXRhY2h5b24-/https://media.zenfs.com/en/globenewswire.com/57d5c6763876d6db49ddf655000d1a02,2021-03-10T21:00:00Z,"Net Asset Value of $15.14 per Share as of December 31, 2020
Board of Directors Declares $0.25 Per Share Dividend
Exited Palantir Technologies, Inc. Position for $119M Total Realized Gain
SAN FRANC… [+46423 chars]"
59,"{'id': None, 'name': 'Motley Fool'}",newsfeedback@fool.com (David Jagielski),"Got $1,400? Here's 3 Stocks to Buy and Hold for the Long Term",These investments can make the most of your stimulus payment.,https://www.fool.com/investing/2021/04/03/got-1400-heres-3-stocks-to-buy-and-hold-for-the-lo/,https://g.foolcdn.com/editorial/images/619785/gettyimages-1162928061-1.jpg,2021-04-03T10:30:00Z,"The U.S. government is distributing another round of stimulus payments to many Americans. If you're in a strong financial position with a sufficient emergency fund, you may want to consider investing… [+4799 chars]"
60,"{'id': None, 'name': 'Motley Fool'}",newsfeedback@fool.com (Neha Chamaria),Oil Giant to Resume Share Repurchases After Slashing Debt to $35 Billion,BP has hit its net debt goal a year early and wants to use surplus cash to buy back shares.,https://www.fool.com/investing/2021/04/06/oil-giant-to-resume-share-repurchases-after-slashi/,https://g.foolcdn.com/editorial/images/620710/oil-pumps.jpg,2021-04-06T19:00:00Z,"BP's (NYSE:BP) humongous debt load has been a reason for concern among investors, so the latest announcement from the oil giant should come as a breather.
During its fourth-quarter 2020 earnings con… [+2296 chars]"
61,"{'id': None, 'name': 'Yahoo Entertainment'}",Asma UL Husna,Is Palantir (PLTR) Stock A Buy or Sell?,"The latest 13F reporting period has come and gone, and Insider Monkey is again at the forefront when it comes to making use of this gold mine of data...",https://finance.yahoo.com/news/palantir-pltr-stock-buy-sell-160509986.html,https://s.yimg.com/uu/api/res/1.2/kEJdyMqSmP3jKVfWF6b9Qg--~B/aD02MDA7dz00NjA7YXBwaWQ9eXRhY2h5b24-/https://media.zenfs.com/en/insidermonkey.com/c1e39c6131e3ab39f00f6725ef7390d0,2021-03-29T16:05:09Z,"The latest 13F reporting period has come and gone, and Insider Monkey is again at the forefront when it comes to making use of this gold mine of data. Insider Monkey finished processing 887 13F filin… [+6486 chars]"
62,"{'id': None, 'name': 'Forbes'}","Rachel Sandler, Forbes Staff, 
 Rachel Sandler, Forbes Staff
 https://www.forbes.com/sites/rachelsandler/",Tech Billionaire Thiel And Mercer Family Back Potential J.D. Vance Senate Bid,"“Hillbilly Elegy” author J.D. Vance hasn’t yet committed to running for office, but a PAC supporting the potential candidate has at least $10 million in the bank.",https://www.forbes.com/sites/rachelsandler/2021/03/15/tech-billionaire-thiel-and-mercer-family-back-potential-jd-vance-senate-bid/,https://thumbor.forbes.com/thumbor/fit-in/1200x0/filters%3Aformat%28jpg%29/https%3A%2F%2Fspecials-images.forbesimg.com%2Fimageserve%2F604fc35b3e6995e23ae38baa%2F0x0.jpg%3FcropX1%3D0%26cropX2%3D1980%26cropY1%3D0%26cropY2%3D1113,2021-03-15T20:30:01Z,"Billionaire Peter Thiel and the Mercer family have donated millions to a PAC supporting Hillbilly Elegy author J.D. Vances potential Republican Senate campaign, the latest political project from the … [+1881 chars]"
63,"{'id': None, 'name': 'Business Wire'}",,"Palantir Selected by the National Nuclear Security Administration for 5-year, $89.9M Contract for SAFER Project","DENVER--(BUSINESS WIRE)---- $PLTR--Palantir Selected by the National Nuclear Security Administration for 5-year, $89.9M Contract for SAFER Project",https://www.businesswire.com/news/home/20210405005238/en/Palantir-Selected-by-the-National-Nuclear-Security-Administration-for-5-year-89.9M-Contract-for-SAFER-Project,https://mms.businesswire.com/media/20210405005238/en/869198/23/Palantir_Logo_72dpi_%281%29.jpg,2021-04-05T11:07:11Z,"DENVER--(BUSINESS WIRE)--Palantir Technologies Inc. (NYSE:PLTR) today announced it had been selected by the National Nuclear Security Administration (NNSA) to provide its Office of Safety, Infrastruc… [+4097 chars]"
64,"{'id': None, 'name': 'Motley Fool'}",Danny Vena,Why Wait for a Crash to Buy? These 3 Hot Tech IPOs Are Already Down More Than 40% - Motley Fool,Why Wait for a Crash to Buy? These 3 Hot Tech IPOs Are Already Down More Than 40%  Motley Fool,https://www.fool.com/investing/2021/04/01/why-wait-for-a-crash-to-buy-these-3-hot-tech-ipos/,https://g.foolcdn.com/editorial/images/619904/ben-franklin-100-bill-with-stock-market-overlay.jpg,2021-04-01T09:47:00Z,"Many high-growth stocks soared over the past year as investors flocked to companies that could continue to grow through the pandemic. Over the past couple of months, however, technology stocks have t… [+7005 chars]"
65,"{'id': None, 'name': 'Investorplace.com'}",Tezcan Gecgil,7 Tech Stocks Becoming Healthcare Stocks - InvestorPlace,Covid-19 has meant many tech stocks now put more resources in healthcare. These technology shares deserve to be on your radar.,https://investorplace.com/2021/04/7-tech-stocks-becoming-healthcare-stocks/,https://investorplace.com/wp-content/uploads/2016/04/healthcaremsn.jpg,2021-04-01T15:35:53Z,"From prevention and diagnosis of illnesses to treatment and how healthcare is delivered, digital and mobile technologies are becoming part of the medical landscape. The digitization of healthcare inc… [+14033 chars]"
66,"{'id': None, 'name': 'Business Wire'}",,Palantir and Faurecia Embark on Long-Term Strategic Partnership,"PARIS--(BUSINESS WIRE)--Palantir Technologies Inc. (NYSE:PLTR) announced today it has entered into a six-year strategic partnership with Faurecia, one of the world’s leading automotive technology companies, to accelerate its digital transformation and ambitio…",https://www.businesswire.com/news/home/20210311005176/en/Palantir-and-Faurecia-Embark-on-Long-Term-Strategic-Partnership,https://mms.businesswire.com/media/20210311005176/en/1012288/23/Palantir_logo.jpg,2021-03-11T12:09:27Z,"PARIS--(BUSINESS WIRE)--Palantir Technologies Inc. (NYSE:PLTR) announced today it has entered into a six-year strategic partnership with Faurecia, one of the worlds leading automotive technology comp… [+4972 chars]"
67,"{'id': None, 'name': 'Business Wire'}",,"Palantir Issues Additional Details About Life Sciences Capabilities to be Shown at “Double Click” on Wednesday, April 14, 2021","DENVER--(BUSINESS WIRE)--Palantir Technologies (NYSE:PLTR) today issued additional details about the Palantir Foundry capabilities it will be highlighting in its Life Sciences demo at “Double Click” on Wednesday, April 14, 2021, at 11:00am ET. Palantir’s cust…",https://www.businesswire.com/news/home/20210401005274/en/Palantir-Issues-Additional-Details-About-Life-Sciences-Capabilities-to-be-Shown-at-%E2%80%9CDouble-Click%E2%80%9D-on-Wednesday-April-14-2021,https://mms.businesswire.com/media/20210401005274/en/868842/23/10044230_Palantir_logo.jpg,2021-04-01T11:09:17Z,DENVER--(BUSINESS WIRE)--Palantir Technologies (NYSE:PLTR) today issued additional details about the Palantir Foundry capabilities it will be highlighting in its Life Sciences demo at Double Click on… [+8447 chars]
68,"{'id': None, 'name': 'Business Wire'}",,"Palantir Issues Additional Details About Industrials Capabilities to be Shown at “Double Click” on Wednesday, April 14, 2021","DENVER--(BUSINESS WIRE)--Palantir Technologies (NYSE:PLTR) today issued additional details about the Palantir Foundry capabilities it will be highlighting in its Industrials demo at “Double Click” on Wednesday, April 14, 2021, at 11:00am ET. Palantir’s custom…",https://www.businesswire.com/news/home/20210406005162/en/Palantir-Issues-Additional-Details-About-Industrials-Capabilities-to-be-Shown-at-%E2%80%9CDouble-Click%E2%80%9D-on-Wednesday-April-14-2021,https://mms.businesswire.com/media/20210406005162/en/1012288/23/Palantir_logo.jpg,2021-04-06T11:08:17Z,DENVER--(BUSINESS WIRE)--Palantir Technologies (NYSE:PLTR) today issued additional details about the Palantir Foundry capabilities it will be highlighting in its Industrials demo at Double Click on W… [+5954 chars]
69,"{'id': None, 'name': 'Yahoo Entertainment'}",Tyler Bundy,Palantir Stock Trades Higher: A Technical Analysis,Palantir Technology Inc. (NYSE: PLTR) shares were trading higher Thursday. Cathie Wood’s Ark Investment Management (NYSE: ARKK) Innovation ETF bought...,https://finance.yahoo.com/news/palantir-stock-trades-higher-technical-190620025.html,https://s.yimg.com/uu/api/res/1.2/b_xwCEeoM50OJ3.oy8QlZw--~B/aD00MDA7dz02MDA7YXBwaWQ9eXRhY2h5b24-/https://media.zenfs.com/en/Benzinga/1a241ae90424a05436d4926b5d7a8864,2021-03-25T19:06:20Z,"(Bloomberg) -- U.S. and European retail brands in China are suddenly facing a dilemma: Embrace cotton from the contentious Xinjiang region and come under attack in the West, or reject it and risk a b… [+8557 chars]"
70,"{'id': None, 'name': 'Yahoo Entertainment'}",Benzinga Insights,Analyzing Palantir Technologies's Unusual Options Activity,Palantir Technologies (NYSE:PLTR) shares experienced unusual options activity on Thursday. The stock price moved down to $25.21 following the option alert...,https://finance.yahoo.com/news/analyzing-palantir-technologiess-unusual-options-133804859.html,https://s.yimg.com/cv/apiv2/social/images/yahoo_default_logo-1200x1200.png,2021-03-18T13:38:04Z,"Police HandoutsAccording to federal indictments, Kelly and Connie Meggs are members of the Oath Keepers militia who used the chaos around the U.S. Capitol riot to enter the building in an organized s… [+4743 chars]"
71,"{'id': None, 'name': 'Yahoo Entertainment'}",Benzinga Insights,Analyzing Palantir Technologies's Unusual Options Activity,"Shares of Palantir Technologies (NYSE:PLTR) saw some unusual options activity on Thursday. Following the unusual option alert, the stock price moved up to...",https://finance.yahoo.com/news/analyzing-palantir-technologiess-unusual-options-145148289.html,https://s.yimg.com/cv/apiv2/social/images/yahoo_default_logo-1200x1200.png,2021-03-25T14:51:48Z,"By G. Brian Davis, SparkRental.com Once upon a time, workers saved up a nest egg over the course of a 40-50 year career, and then spent it down in retirement. And hoped they didn't run out money befo… [+9360 chars]"
72,"{'id': 'techcrunch', 'name': 'TechCrunch'}",Mary Ann Azevedo,Real estate platform Loft raises $425M at a $2.2B valuation in one of Brazil's largest venture rounds,"Buying and selling residential real estate is a complex business, no matter where you live.  A slew of startups in the United States are focused on...",https://techcrunch.com/2021/03/23/real-estate-platform-loft-raises-425m-at-a-2-2b-valuation-in-one-of-brazils-largest-venture-rounds/,https://s.yimg.com/ny/api/res/1.2/4pKwQIgFPusF1bwWlb_njw--/YXBwaWQ9aGlnaGxhbmRlcjt3PTIwMDA7aD0xMjgx/https://s.yimg.com/uu/api/res/1.2/AvhK5A3xAiodzVRrzRe9qA--~B/aD0xNzIwO3c9MjY4NTthcHBpZD15dGFjaHlvbg--/https://media.zenfs.com/en/techcrunch_350/7eb0b469989ce9d6e947e6ad9a3f4f91,2021-03-23T11:30:12Z,"Buying and selling residential real estate is a complex business, no matter where you live. A slew of startups in the United States are focused on streamlining that process for people. But in Brazil,… [+5944 chars]"
73,"{'id': None, 'name': '24/7 Wall St.'}",247chrislange,"Cathie Wood’s ARK Invest Buys Over 780,000 Million Shares of Palantir","One of Cathie Wood's Ark Invest funds bought over 780,000 shares of Palantir on March 25.",https://247wallst.com/technology-3/2021/03/25/cathie-woods-ark-invest-buys-over-780000-million-shares-of-palantir/,https://247wallst.com/wp-content/uploads/2019/06/gettyimages-887088424.jpg,2021-03-26T02:19:31Z,"One ARK exchange-traded fund run by ETF star Cathie Wood bought over 780,000 million shares of Palantir Technologies Inc. (NYSE: PLTR) shares on Thursday, as the prices of this ETF traded relatively … [+1555 chars]"
74,"{'id': None, 'name': 'Yahoo Entertainment'}",Melanie Schaffer,Palantir And BlackBerry: 2 Disruptors Trying To Power All Things,"Palantir Technologies Inc (NYSE: PLTR) and BlackBerry Ltd (NYSE: BB) have each snagged a slew of partnerships over the past year, disrupting the technology...",https://finance.yahoo.com/news/palantir-blackberry-2-disruptors-trying-153015249.html,https://s.yimg.com/uu/api/res/1.2/W58ipkpbPpwKzVCWPfPrDQ--~B/aD00MDA7dz02MDA7YXBwaWQ9eXRhY2h5b24-/https://media.zenfs.com/en/Benzinga/198b6f88f03fb41385fd8ca85e8ca12a,2021-03-12T15:30:15Z,"Palantir Technologies Inc (NYSE: PLTR) and BlackBerry Ltd (NYSE: BB) have each snagged a slew of partnerships over the past year, disrupting the technology space and putting them in the spotlight as … [+3596 chars]"
75,"{'id': None, 'name': ""Barron's""}",Eric J. Savitz,Palantir CEO Karp Discloses $10.3 Million Stock Sale. That’s The Tip of the Iceberg.,"Palantir co-founder Stephen Cohen made a similar filing, disclosing the sale of 173,595 shares for total proceeds of about $3.9 million shares.",https://www.barrons.com/articles/palantir-ceo-karp-discloses-10-3-million-stock-sale-thats-the-tip-of-the-iceberg-51617281087,https://images.barrons.com/im-319149/social,2021-04-01T12:44:00Z,"Karp sold 461,534 Palantir (ticker: PLTR) shares at prices ranging from $21.55 to $23.54 a share from March 29 through March 31. Palantir co-founder 
 Stephen Cohen
  made a similar filing, disclos… [+926 chars]"
76,"{'id': None, 'name': 'TPM'}",Kate Riga,Peter Thiel Dumps Millions Into PAC Supporting J.D. Vance For Ohio Senate,"Peter Thiel, the billionaire co-founder of PayPal and Palantir, dumped $10 million into a SuperPAC backing “Hillbilly Elegy” author and venture capitalist J.D. Vance, who may run for retiring Sen. Rob Portman’s (R-OH) seat.",https://talkingpointsmemo.com/news/peter-thiel-jd-vance-ohio-senate-pac-10-million,https://cdn.talkingpointsmemo.com/wp-content/uploads/2016/05/bh4nwmzkltczwslg7kzu-804x535.jpg,2021-03-15T17:51:54Z,"Peter Thiel, the billionaire co-founder of PayPal and Palantir, dumped $10 million into a SuperPAC backing Hillbilly Elegy author and venture capitalist J.D. Vance, who may run for retiring Sen. Rob … [+2485 chars]"
77,"{'id': None, 'name': 'Seeking Alpha'}",Main Street Investor,Tech-Sell Off: Which Stocks I've Been Buying And Where I'm Waiting,"High-growth tech stocks continue to bleed, with the Nasdaq down 10% from all-time highs. While parallels to 2000 can be drawn, fundamentals are more supportive of valuations today.",https://seekingalpha.com/article/4412796-tech-sell-off-which-stocks-to-buy-where-to-wait,https://static.seekingalpha.com/uploads/2021/3/9/saupload_4d5c9eff5b2ed651a98e8254e259987c.png,2021-03-10T16:14:51Z,"Overview
 After an unprecedented rally in high-growth technology stocks, the most recent sell-off is cooling an overheated market marked by various obscure overvaluations. While it is undeniable tha… [+8565 chars]"
78,"{'id': None, 'name': 'Seeking Alpha'}",Gary Alexander,Bill.com Trades At A Rich Multiple Despite Unimpressive Growth,Bill.com has continued to assert its position as one of the most expensive stocks in the tech sector.,https://seekingalpha.com/article/4414017-bill-com-trades-rich-multiple-despite-unimpressive-growth,https://static.seekingalpha.com/uploads/2021/3/13/33427965-16156788131317966.png,2021-03-15T17:09:45Z,"All around us, the most expensive names in technology have seen their stock prices shatter. Take a look at Palantir (PLTR): after a breathtaking run above $40 (~4x its IPO price), in which double-dig… [+6776 chars]"
79,"{'id': None, 'name': 'Seeking Alpha'}",Business Quant,Palantir: Ready For Takeoff,Long-term investors may want to consider accumulating Palantir's shares on price corrections.,https://seekingalpha.com/article/4416306-palantir-ready-for-takeoff?source=feed,https://static.seekingalpha.com/cdn/s3/uploads/getty_images/1155138189/medium_image_1155138189.jpg,2021-03-26T17:18:06Z,"Photo by Drew Angerer/Getty Images News via Getty Images
It seems like Palantir (PLTR) is once again surrounded by market uncertainty. The company's insiders have sold over 24 million shares in the … [+5935 chars]"
80,"{'id': None, 'name': 'Seeking Alpha'}",Gary Alexander,Palantir Has Dropped Low Enough For Me To Buy Back In,"Palantir's stock has corrected sharply, despite strong fundamentals, massive new deal with U.S. Army, and continued commercial expansion. See, if you should buy PLTR stock.",https://seekingalpha.com/article/4416447-palantir-stock-dropped-low-enough-to-buy?source=feed_tag_editors_picks,https://static.seekingalpha.com/cdn/s3/uploads/getty_images/1205248124/medium_image_1205248124.jpg,2021-03-28T14:15:00Z,"Photo by Tempura/E+ via Getty Images
I've had a bit of a short roller-coaster with shares of Palantir (PLTR), among the most highly anticipated and hyped IPOs of 2020. The data analytics and machine… [+7832 chars]"
81,"{'id': None, 'name': '24/7 Wall St.'}",247chrislange,Cathie Wood’s ARK Invest Buys Over 1 Million Shares of Palantir,One of Cathie Wood's Ark Invest funds bought over 1 million shares of Palantir on April 7.,https://247wallst.com/technology-3/2021/04/07/cathie-woods-ark-invest-buys-over-1-million-shares-of-palantir/,https://247wallst.com/wp-content/uploads/2016/09/palantir-logo.jpg,2021-04-08T01:52:04Z,"One ARK exchange-traded fund run by ETF star Cathie Wood bought over 1 million shares of Palantir Technologies Inc. (NYSE: PLTR) shares on Wednesday, as the prices of this ETF traded down over 2% in … [+1551 chars]"
82,"{'id': None, 'name': 'Yahoo Entertainment'}",SuRo Capital Corp.,SuRo Capital Corp. First Quarter Preliminary Investment Portfolio Update,"Net Asset Value Increased to an Anticipated $17.70 to $18.30 Per Share from $15.14 at December 31, 2020SAN FRANCISCO, April 08, 2021 (GLOBE NEWSWIRE) -- SuRo...",https://finance.yahoo.com/news/suro-capital-corp-first-quarter-203000218.html,https://s.yimg.com/uu/api/res/1.2/JbfFYbfdIzLRv4t7n4w87g--~B/aD00MDk7dz05MjA7YXBwaWQ9eXRhY2h5b24-/https://media.zenfs.com/en/globenewswire.com/57d5c6763876d6db49ddf655000d1a02,2021-04-08T20:30:00Z,"Net Asset Value Increased to an Anticipated $17.70 to $18.30 Per Share from $15.14 at December 31, 2020
SAN FRANCISCO, April 08, 2021 (GLOBE NEWSWIRE) -- SuRo Capital Corp. (SuRo Capital, the Compan… [+10418 chars]"
83,"{'id': None, 'name': '24/7 Wall St.'}",247chrislange,Cathie Wood’s ARK Invest Buys Over 1.2 Million Shares of Palantir,One of Cathie Wood's Ark Invest funds bought over 1.2 million shares of Palantir on March 24.,https://247wallst.com/technology-3/2021/03/24/cathie-woods-ark-invest-buys-over-1-2-million-shares-of-palantir/,https://247wallst.com/wp-content/uploads/2016/09/palantir-logo.jpg,2021-03-25T01:07:28Z,"One ARK exchange-traded fund run by ETF star Cathie Wood bought over 1.2 million shares of Palantir Technologies Inc. (NYSE: PLTR) shares on Wednesday, as the prices of this ETF lost nearly 6% in Wed… [+1145 chars]"
84,"{'id': None, 'name': 'Seeking Alpha'}",Cestrian Capital Research,Is Palantir Stock A Portfolio Pick For The Long Haul?,Palantir stock is expensive on fundamentals but attractive on technicals. We believe PLTR can succeed in dragging government software into the modern era.,https://seekingalpha.com/article/4417232-palantir-stock-buy-long-term-investors?source=feed_tag_editors_picks,https://static.seekingalpha.com/cdn/s3/uploads/getty_images/1245191788/medium_image_1245191788.jpg,2021-04-01T17:28:51Z,"Photo by SL/iStock via Getty Images
DISCLAIMER: This note is intended for US recipients only and in particular is not directed at, nor intended to be relied upon by any UK recipients. Any informatio… [+10646 chars]"
85,"{'id': None, 'name': 'Yahoo Entertainment'}",Adam Eckert,"Why Tim Quast Likes CCIV, Eaton, Disney, Palantir Stock","The special purpose acquisition company Churchill Capital Corp IV (NYSE: CCIV) has caught the eye of Tim Quast, founder and CEO of Market Structure EDGE. The...",https://finance.yahoo.com/news/why-tim-quast-likes-cciv-190008487.html,https://s.yimg.com/uu/api/res/1.2/zRkMCS0OC3xqTkWZfwTjxw--~B/aD00MDA7dz02MDA7YXBwaWQ9eXRhY2h5b24-/https://media.zenfs.com/en/Benzinga/65917642f5df106b9df084cfe6146fa9,2021-04-05T19:00:08Z,"The crises of the past year the COVID pandemic, the social lockdowns, the economic shock are on the wane, and thats good. However, the crisis post-mortems are rolling in. Its only natural to compare … [+7080 chars]"
86,"{'id': None, 'name': 'Yahoo Entertainment'}",Craig Jones,"'Halftime Report' Traders Weigh In On CrowdStrike, Palantir And More","On CNBC's ""Fast Money Halftime Report,"" Josh Brown said he's in Crowdstrike Holdings Inc (NASDAQ: CRWD) from lower levels and he wouldn't buy it going into...",https://finance.yahoo.com/news/halftime-report-traders-weigh-crowdstrike-215855165.html,https://s.yimg.com/uu/api/res/1.2/26pSnklQP5BffKD1MOhZzQ--~B/aD00MDA7dz02MDA7YXBwaWQ9eXRhY2h5b24-/https://media.zenfs.com/en/Benzinga/b854eb20456375f549709a6a9d8b84f6,2021-03-16T21:58:55Z,"Everyone wants to be part of the next big thing, and right now, in the automotive industry, thats looking more and more like electric vehicles (EVs). A combination of social and political pressures a… [+7614 chars]"
87,"{'id': None, 'name': 'FXStreet'}",Sarah Tran,Peter Thiel warns Bitcoin could be Chinese financial weapon to undermine the US dollar,"Peter Thiel, PayPal and Palantir founder, recently urged the United States government to have a tighter grasp of cryptocurrency regulations in the cou",https://www.fxstreet.com/cryptocurrencies/news/peter-thiel-warns-bitcoin-could-be-chinese-financial-weapon-to-undermine-the-us-dollar-202104080241,https://editorial.fxstreet.com/images/Markets/Currencies/Digital Currencies/Bitcoin/bitcoins-36855764_Large.jpg,2021-04-08T02:41:46Z,<ul><li>Billionaire venture capitalist Peter Thiel poses the question of whether Bitcoin will be used by China as a financial weapon.</li><li>This comes at a time where China is rolling out its digit… [+3016 chars]
88,"{'id': None, 'name': 'Yahoo Entertainment'}",Chris Lau,"Palantir Stock May Not Be a Great Short-Term Play, but Its Future Is Bright","When Palantir’s (NASDAQ:PLTR) Chief Executive Officer Alex Karp said that short-term investors should look elsewhere, it undermined ARK Invest’s recent PLTR ...",https://finance.yahoo.com/news/palantir-stock-may-not-great-155407652.html,https://s.yimg.com/uu/api/res/1.2/k4_7JGp5CHZ4kQyHOMSR0w--~B/aD00MDA7dz03Mjg7YXBwaWQ9eXRhY2h5b24-/https://media.zenfs.com/en/investorplace_417/4bd27e40607c77cabf76f9493a19b35b,2021-03-26T15:54:07Z,"When Palantirs (NASDAQ:PLTR) Chief Executive Officer Alex Karp said that short-term investors should look elsewhere, it undermined ARK Invests recent PLTR stock purchase.
Palantir Technologies (PLTR… [+5051 chars]"
89,"{'id': None, 'name': 'Saastr.com'}",Jason Lemkin,Customer Concentration is Definitely a Risk Factor. But It’s Probably OK.,"Q:  SaaS multiples are through the roof. What is the max acceptable share of revenue from a single largest customer so that the usual terms still apply (obviously a SaaS... Continue Reading
The post Customer Concentration is Definitely a Risk Factor. But It’s…",https://www.saastr.com/customer-concentration-is-definitely-a-risk-but-its-probably-ok/,https://www.saastr.com/wp-content/uploads/2021/03/conc.png,2021-03-22T17:11:30Z,"Most VCs (and acquirers) will be wary of high customer concentration for sure.
But 
<ul><li>It was a risk when Twilio IPOd and lost Uber, its largest customer. Twilio has done just fine and is wort… [+735 chars]"
90,"{'id': None, 'name': 'Motley Fool'}",newsfeedback@fool.com (Lawrence Nga),Why I'm Excited to Buy These 2 Stocks if the Market Crashes,"These two stocks, currently trading at high valuations, are well-positioned for post-pandemic growth.",https://www.fool.com/investing/2021/03/12/why-im-excited-buy-these-stocks-if-market-crashes/,https://g.foolcdn.com/editorial/images/617390/young-woman-with-pen-and-notebook-thinking.jpg,2021-03-12T11:55:00Z,"The Nasdaq Composite (NASDAQINDEX: ^IXIC) had a roller-coaster ride over the last few weeks. After hitting a record high in February, the index dropped 11% to enter a correction phase on Monday. It q… [+5179 chars]"
91,"{'id': None, 'name': 'Palantir.net'}",,"Palantir: COVID-19 Vaccinations, Content Strategy, and the Patient Journey","How Loyola Medicine is helping patients get the information they need about COVID-19 vaccines

 As we move into the vaccination phase of the COVID-19 pandemic, health systems are facing a new challenge: effectively communicating about vaccine availability, el…",https://www.palantir.net/blog/covid-19-vaccinations-content-strategy-and-patient-journey,https://www.palantir.net/files/styles/large/public/hero/2021-03/ivan-diaz-_ts3NfjvaXo-unsplash.jpg?itok=AtNuIJHc,2021-03-10T12:00:00Z,"As we move into the vaccination phase of the COVID-19 pandemic, health systems are facing a new challenge: effectively communicating about vaccine availability, eligibility, and scheduling. For many … [+3376 chars]"
92,"{'id': None, 'name': 'Open Democracy'}","Mary Fitzgerald, Cori Crider",We’ve won our lawsuit over Matt Hancock’s £23m NHS data deal with Palantir,And here’s what needs to happen now,https://www.opendemocracy.net/en/ournhs/weve-won-our-lawsuit-over-matt-hancocks-23m-nhs-data-deal-with-palantir/,https://cdn-prod.opendemocracy.net/media/images/2DWWJA6.2e16d0ba.fill-1200x630.jpg,2021-03-30T08:58:26Z,"We shouldnt have had to go to court. For a year, weve been fighting legal battles over the British governments secretive NHS data deals with controversial spy tech firm Palantir.
Today, we can annou… [+3154 chars]"
93,"{'id': None, 'name': 'Yahoo Entertainment'}",Dan Primack,Sarcos Robotics going public in $1.3 billion SPAC deal,"Sarcos Robotics, a Salt Lake City-based developer of robotic exoskeletons, agreed to go public at a $1.3 billion implied valuation via acquisition by Rotor...",https://news.yahoo.com/sarcos-robotics-goes-public-1-142228519.html,https://s.yimg.com/uu/api/res/1.2/3dShsP_mk2IdOGJ.1Cnb4w--~B/aD03MjA7dz0xMjgwO2FwcGlkPXl0YWNoeW9u/https://media.zenfs.com/en/axios_articles_623/eb02c0db1c52fab126921e715511aff8,2021-04-06T14:22:28Z,"Sarcos Robotics, a Salt Lake City-based developer of robotic exoskeletons, agreed to go public at a $1.3 billion implied valuation via acquisition by Rotor Acquisition (NYSE: ROT), a SPAC led by Wall… [+1223 chars]"
94,"{'id': None, 'name': 'Yahoo Entertainment'}",Faizan Farooque,7 Robinhood Stocks Even Billionaires Want in Their Portfolios,Robinhood is in the news once again. The controversial commission-free stock trading and investing app is reportedly all set to go public. InvestorPlace Web ...,https://finance.yahoo.com/news/7-robinhood-stocks-even-billionaires-151515170.html,https://s.yimg.com/uu/api/res/1.2/M6WibJyOWTCrIHkZ7gVnwQ--~B/aD00MDA7dz03Mjg7YXBwaWQ9eXRhY2h5b24-/https://media.zenfs.com/en/investorplace_417/fb0f795b075cd06ab169b0ce1ddf3ffa,2021-04-02T15:15:15Z,Robinhood is in the news once again. The controversial commission-free stock trading and investing app is reportedly all set to go public. InvestorPlace Web Content Producer Sarah Smith wrote an insi… [+11022 chars]
95,"{'id': None, 'name': 'Yahoo Entertainment'}",Henry Khederian,"Is Now The Time To Buy Stock In Xpeng, Palantir, Zoom Or DraftKings?","One of the most common questions traders have about stocks is “Why Is It Moving?” That’s why Benzinga created the Why Is It Moving, or WIIM, feature in...",https://finance.yahoo.com/news/now-time-buy-stock-xpeng-131956131.html,https://s.yimg.com/uu/api/res/1.2/.OX6w35J8mpdb_2bAJ89MQ--~B/aD00MDA7dz02MDA7YXBwaWQ9eXRhY2h5b24-/https://media.zenfs.com/en/Benzinga/2148e6c7e7858bbe307cddfc44d571f7,2021-04-08T13:19:56Z,"In a recent review of the markets current conditions, JPMorgan strategist Eduardo Lecubarri recaps his view that 2021 will see modest gains across stocks generally but outperformance among the small/… [+7007 chars]"
96,"{'id': None, 'name': 'Seeking Alpha'}",Steven Fiorillo,"Palantir: Ark Is Buying, I Am Buying, New Contracts Have Wet Ink And 2 New Sectors Could Be On The Horizon",Palantir continues to expand its partnership with the U.S. government and sign new commercial customers. See why I continue buying PLTR stock.,https://seekingalpha.com/article/4418273-palantir-new-contracts-two-new-sectors?source=feed,https://static.seekingalpha.com/cdn/s3/uploads/getty_images/1165930363/medium_image_1165930363.jpg,2021-04-09T13:00:00Z,"Photo by Sundry Photography/iStock Editorial via Getty Images
Since my last article on Palantir (NYSE:PLTR) shares have decreased by -5.61% vs. the S&amp;P's total return of 6.24%. There have been s… [+11145 chars]"
97,"{'id': None, 'name': 'Seeking Alpha'}",Gary Alexander,Palantir Has Dropped Low Enough For Me To Buy Back In,"Palantir's stock has corrected sharply, despite strong fundamentals, massive new deal with U.S. Army, and continued commercial expansion. See, if you should buy PLTR stock.",https://seekingalpha.com/article/4416447-palantir-stock-dropped-low-enough-to-buy?source=feed,https://static.seekingalpha.com/uploads/2021/3/27/saupload_5afdcef18e754dde618303ada75928f1.png,2021-03-28T14:15:00Z,"I've had a bit of a short roller-coaster with shares of Palantir (PLTR), among the most highly anticipated and hyped IPOs of 2020. The data analytics and machine intelligence company, widely credited… [+7798 chars]"
98,"{'id': None, 'name': 'Defmacro.org'}",Slava Akhmechet,RethinkDB: why we failed (2017),"When we announced that RethinkDB is shutting down, I promised to write a post-mortem. I took some time to process the experience, and I can now write about it clearly.",https://www.defmacro.org/2017/01/18/why-rethinkdb-failed.html,,2021-03-13T02:41:03Z,"When we announced that RethinkDB is shutting
down, I promised to write a post-mortem. I took some time to process
the experience, and I can now write about it clearly.
In the HN discussion thread … [+15927 chars]"
99,"{'id': None, 'name': 'Defmacro.org'}",Slava Akhmechet,RethinkDB: We Failed,"When we announced that RethinkDB is shutting down, I promised to write a post-mortem. I took some time to process the experience, and I can now write about it clearly.",https://www.defmacro.org/2017/01/18/why-rethinkdb-failed.html?zarsrc=30&utm_source=zalo&utm_medium=zalo&utm_campaign=zalo,,2021-03-13T02:41:03Z,"When we announced that RethinkDB is shutting
down, I promised to write a post-mortem. I took some time to process
the experience, and I can now write about it clearly.
In the HN discussion thread … [+15927 chars]"
